LR,WARMUP_STEPS,BATCH_SIZE,CONTEXT_LEN,N_LAYERS,N_HEADS,D_MODEL,D_FF,MODEL_VARIANT,val_acc_last,time_sec
0.001,300,32,32,2,2,128,512,local_global,0.31640625,19.782256841659546
0.001,100,32,32,2,2,128,512,local_global,0.3125,19.931132078170776
0.0005,300,32,32,2,2,128,512,local_global,0.3046875,19.742858171463013
0.0003,1000,32,32,2,2,128,512,local_global,0.3046875,24.114747762680054
0.0005,100,32,32,2,2,128,512,local_global,0.30078125,20.27638006210327
0.0003,100,32,32,2,2,128,512,local_global,0.30078125,24.256654262542725
0.0003,300,32,32,2,2,128,512,local_global,0.30078125,23.60367703437805
0.001,100,32,128,2,2,128,512,local_global,0.28125,82.64529180526733
0.0005,100,32,128,2,2,128,512,local_global,0.28125,82.32716917991638
0.0005,300,32,128,2,2,128,512,local_global,0.28125,81.2498071193695
0.0005,1000,32,128,2,2,128,512,local_global,0.27734375,104.51807403564453
0.001,300,32,128,2,2,128,512,local_global,0.2734375,82.06046319007874
0.0003,100,32,128,2,2,128,512,local_global,0.2734375,104.69151163101196
0.0003,300,32,128,2,2,128,512,local_global,0.2734375,101.52248501777649
0.0005,1000,32,32,2,2,128,512,local_global,0.26953125,19.88917088508606
0.001,1000,32,128,2,2,128,512,local_global,0.265625,83.65436434745789
0.0003,1000,32,128,2,2,128,512,local_global,0.265625,103.18848705291748
0.001,1000,32,32,2,2,128,512,local_global,0.25390625,19.865164041519165
0.001,300,32,64,2,2,128,512,local_global,0.25,35.58437895774841
0.001,100,32,64,2,2,128,512,local_global,0.24609375,36.80739879608154
0.001,1000,32,64,2,2,128,512,local_global,0.24609375,36.19578194618225
0.0005,1000,32,64,2,2,128,512,local_global,0.2421875,42.09759068489075
0.0003,100,32,64,2,2,128,512,local_global,0.2421875,45.01052212715149
0.0003,300,32,64,2,2,128,512,local_global,0.2421875,42.78278088569641
0.0003,1000,32,64,2,2,128,512,local_global,0.2421875,44.27234101295471
0.0005,100,32,64,2,2,128,512,local_global,0.23046875,35.92966866493225
0.0005,300,32,64,2,2,128,512,local_global,0.2265625,36.2931649684906
0.0001,100,32,128,2,2,128,512,local_global,0.16015625,108.11356902122498
0.0001,100,32,64,2,2,128,512,local_global,0.14453125,48.689229011535645
0.0001,100,32,32,2,2,128,512,local_global,0.140625,26.599421739578247
0.0001,300,32,32,2,2,128,512,local_global,0.140625,26.69873309135437
0.0001,300,32,128,2,2,128,512,local_global,0.1328125,114.03560304641724
0.0001,300,32,64,2,2,128,512,local_global,0.12109375,47.732470989227295
0.0001,1000,32,128,2,2,128,512,local_global,0.09765625,115.00837182998657
0.0001,1000,32,64,2,2,128,512,local_global,0.09375,50.06976795196533
0.0001,1000,32,32,2,2,128,512,local_global,0.03125,26.373603105545044
0.001,300,32,64,2,2,128,512,moe,0.296875,40.93974804878235
0.0005,100,32,64,2,2,128,512,moe,0.296875,32.81910991668701
0.0003,100,32,128,2,2,128,512,moe,0.296875,72.54839205741882
0.0005,300,32,64,2,2,128,512,moe,0.29296875,33.21837592124939
0.0005,100,32,128,2,2,128,512,moe,0.28515625,72.0024139881134
0.001,100,32,64,2,2,128,512,moe,0.28125,36.08587288856506
0.0005,1000,32,64,2,2,128,512,moe,0.28125,33.176196813583374
0.001,1000,32,64,2,2,128,512,moe,0.27734375,33.67195200920105
0.001,1000,32,128,2,2,128,512,moe,0.27734375,71.9270589351654
0.0005,300,32,128,2,2,128,512,moe,0.27734375,72.16843700408936
0.001,100,32,128,2,2,128,512,moe,0.2734375,81.57319498062134
0.001,300,32,128,2,2,128,512,moe,0.2734375,77.33846879005432
0.0005,1000,32,128,2,2,128,512,moe,0.2734375,71.99383091926575
0.0003,100,32,64,2,2,128,512,moe,0.2734375,33.184327125549316
0.0003,300,32,64,2,2,128,512,moe,0.2734375,33.058085918426514
0.0003,300,32,128,2,2,128,512,moe,0.26953125,70.38491487503052
0.0003,1000,32,64,2,2,128,512,moe,0.25390625,33.09927678108215
0.001,100,32,32,2,2,128,512,moe,0.24609375,19.998732805252075
0.001,1000,32,32,2,2,128,512,moe,0.24609375,19.567864894866943
0.0003,100,32,32,2,2,128,512,moe,0.24609375,19.350639820098877
0.0005,100,32,32,2,2,128,512,moe,0.23828125,19.769649982452393
0.001,300,32,32,2,2,128,512,moe,0.234375,25.646800994873047
0.0005,300,32,32,2,2,128,512,moe,0.234375,19.577244997024536
0.0005,1000,32,32,2,2,128,512,moe,0.234375,19.645622968673706
0.0003,300,32,32,2,2,128,512,moe,0.234375,19.31392502784729
0.0003,1000,32,128,2,2,128,512,moe,0.23046875,71.62648010253906
0.0003,1000,32,32,2,2,128,512,moe,0.2109375,19.301809072494507
0.0001,1000,32,128,2,2,128,512,moe,0.20703125,71.09576320648193
0.0001,100,32,64,2,2,128,512,moe,0.1953125,33.15459489822388
0.0001,100,32,128,2,2,128,512,moe,0.1953125,71.4114990234375
0.0001,300,32,128,2,2,128,512,moe,0.1875,71.1918568611145
0.0001,300,32,64,2,2,128,512,moe,0.1796875,32.990541219711304
0.0001,1000,32,64,2,2,128,512,moe,0.17578125,33.73733830451965
0.0001,1000,32,32,2,2,128,512,moe,0.16015625,19.51008415222168
0.0001,100,32,32,2,2,128,512,moe,0.15234375,19.19339895248413
0.0001,300,32,32,2,2,128,512,moe,0.1484375,19.187729120254517
0.001,300,32,64,2,2,128,512,mq_rope,0.37890625,45.30178499221802
0.001,1000,32,64,2,2,128,512,mq_rope,0.375,44.6527841091156
0.001,100,32,64,2,2,128,512,mq_rope,0.35546875,45.71423816680908
0.001,300,32,128,2,2,128,512,mq_rope,0.35546875,105.00220584869385
0.0005,300,32,64,2,2,128,512,mq_rope,0.34765625,48.2837598323822
0.0005,1000,32,64,2,2,128,512,mq_rope,0.34375,39.75650095939636
0.001,300,32,32,2,2,128,512,mq_rope,0.33984375,24.776583909988403
0.001,100,32,128,2,2,128,512,mq_rope,0.3359375,101.69463777542114
0.0005,100,32,64,2,2,128,512,mq_rope,0.3359375,49.46530795097351
0.0003,1000,32,64,2,2,128,512,mq_rope,0.33203125,39.69442582130432
0.001,100,32,32,2,2,128,512,mq_rope,0.32421875,25.88216280937195
0.001,1000,32,32,2,2,128,512,mq_rope,0.3203125,24.771103858947754
0.001,1000,32,128,2,2,128,512,mq_rope,0.31640625,102.01353693008423
0.0005,100,32,128,2,2,128,512,mq_rope,0.3125,108.03550887107849
0.0003,100,32,64,2,2,128,512,mq_rope,0.3125,37.6554639339447
0.0003,300,32,64,2,2,128,512,mq_rope,0.3125,38.2895028591156
0.0005,300,32,128,2,2,128,512,mq_rope,0.296875,105.15261793136597
0.0005,100,32,32,2,2,128,512,mq_rope,0.29296875,24.536701202392578
0.0005,300,32,32,2,2,128,512,mq_rope,0.28125,25.050699710845947
0.0005,1000,32,128,2,2,128,512,mq_rope,0.28125,87.26739621162415
0.0005,1000,32,32,2,2,128,512,mq_rope,0.265625,20.956710815429688
0.0003,100,32,128,2,2,128,512,mq_rope,0.2578125,85.94270324707031
0.0003,300,32,128,2,2,128,512,mq_rope,0.2578125,90.83539700508118
0.0003,1000,32,128,2,2,128,512,mq_rope,0.23046875,88.41566586494446
0.0003,100,32,32,2,2,128,512,mq_rope,0.21484375,19.73236107826233
0.0003,300,32,32,2,2,128,512,mq_rope,0.2109375,20.30421280860901
0.0003,1000,32,32,2,2,128,512,mq_rope,0.2109375,20.82862401008606
0.0001,100,32,64,2,2,128,512,mq_rope,0.203125,39.186809062957764
0.0001,100,32,128,2,2,128,512,mq_rope,0.12890625,92.90853691101074
0.0001,300,32,64,2,2,128,512,mq_rope,0.12890625,40.25577998161316
0.0001,300,32,32,2,2,128,512,mq_rope,0.12109375,21.09818172454834
0.0001,100,32,32,2,2,128,512,mq_rope,0.1171875,21.3302218914032
0.0001,300,32,128,2,2,128,512,mq_rope,0.1015625,90.84126091003418
0.0001,1000,32,64,2,2,128,512,mq_rope,0.078125,39.04486107826233
0.0001,1000,32,128,2,2,128,512,mq_rope,0.07421875,91.9501850605011
0.0001,1000,32,32,2,2,128,512,mq_rope,0.0625,21.302154064178467
0.001,300,32,32,2,2,128,512,tinygpt,0.36328125,16.77158236503601
0.001,100,32,32,2,2,128,512,tinygpt,0.359375,12.96422290802002
0.001,1000,32,64,2,2,128,512,tinygpt,0.3515625,34.39473009109497
0.0005,300,32,32,2,2,128,512,tinygpt,0.34765625,16.979569911956787
0.001,300,32,64,2,2,128,512,tinygpt,0.34375,33.533024072647095
0.001,1000,32,32,2,2,128,512,tinygpt,0.34375,17.06558322906494
0.001,100,32,64,2,2,128,512,tinygpt,0.3359375,27.910497903823853
0.001,100,32,128,2,2,128,512,tinygpt,0.3203125,74.6635229587555
0.0005,100,32,32,2,2,128,512,tinygpt,0.3203125,18.416860103607178
0.001,300,32,128,2,2,128,512,tinygpt,0.31640625,78.44855880737305
0.0005,100,32,64,2,2,128,512,tinygpt,0.28515625,33.41623401641846
0.0005,1000,32,32,2,2,128,512,tinygpt,0.28515625,22.83217215538025
0.0005,300,32,64,2,2,128,512,tinygpt,0.28125,33.90505599975586
0.0003,300,32,32,2,2,128,512,tinygpt,0.28125,18.48656392097473
0.0005,1000,32,64,2,2,128,512,tinygpt,0.27734375,40.447028160095215
0.0003,100,32,32,2,2,128,512,tinygpt,0.2734375,18.791635990142822
0.0001,1000,32,64,2,2,128,512,tinygpt,0.265625,35.731932163238525
0.0001,1000,32,128,2,2,128,512,tinygpt,0.265625,79.34354424476624
0.0005,100,32,128,2,2,128,512,tinygpt,0.26171875,78.90058994293213
0.0003,100,32,128,2,2,128,512,tinygpt,0.26171875,89.09441304206848
0.0003,300,32,128,2,2,128,512,tinygpt,0.26171875,83.48510193824768
0.0005,300,32,128,2,2,128,512,tinygpt,0.2578125,80.70093202590942
0.0005,1000,32,128,2,2,128,512,tinygpt,0.2578125,81.56026697158813
0.0003,300,32,64,2,2,128,512,tinygpt,0.2578125,34.83048987388611
0.0003,1000,32,128,2,2,128,512,tinygpt,0.2578125,82.43717408180237
0.0003,100,32,64,2,2,128,512,tinygpt,0.25390625,40.327460289001465
0.0001,100,32,64,2,2,128,512,tinygpt,0.25390625,41.22087597846985
0.0001,100,32,128,2,2,128,512,tinygpt,0.25390625,80.48699402809143
0.0001,300,32,64,2,2,128,512,tinygpt,0.25390625,35.362671852111816
0.0001,300,32,128,2,2,128,512,tinygpt,0.25390625,84.74390602111816
0.001,1000,32,128,2,2,128,512,tinygpt,0.25,79.97369194030762
0.0003,1000,32,32,2,2,128,512,tinygpt,0.25,18.609506130218506
0.0001,100,32,32,2,2,128,512,tinygpt,0.25,23.483886241912842
0.0001,300,32,32,2,2,128,512,tinygpt,0.25,18.494219064712524
0.0001,1000,32,32,2,2,128,512,tinygpt,0.2421875,19.953068017959595
0.0003,1000,32,64,2,2,128,512,tinygpt,0.23828125,35.215890884399414
