MODEL_VARIANT,LR,WARMUP_STEPS,CONTEXT_LEN,BETA2,BATCH_SIZE,N_LAYERS,N_HEADS,D_MODEL,D_FF,val_acc_last,time_sec
local_global,0.0013000000000000002,600,32,0.999,32,2,2,128,512,0.37109375,24.847806930541992
local_global,0.001,600,32,0.999,32,2,2,128,512,0.34765625,22.48508906364441
local_global,0.0013000000000000002,300,32,0.999,32,2,2,128,512,0.34765625,21.937357902526855
local_global,0.001,200,32,0.999,32,2,2,128,512,0.34765625,22.435025215148926
local_global,0.0013000000000000002,100,32,0.999,32,2,2,128,512,0.34765625,22.70673108100891
local_global,0.001,300,32,0.999,32,2,2,128,512,0.34375,22.021667003631592
local_global,0.001,150,32,0.999,32,2,2,128,512,0.33984375,19.624200105667114
local_global,0.0013000000000000002,150,32,0.999,32,2,2,128,512,0.33984375,22.067633867263794
local_global,0.0013000000000000002,600,32,0.98,32,2,2,128,512,0.33984375,23.231126070022583
local_global,0.0013000000000000002,200,32,0.98,32,2,2,128,512,0.33984375,22.758952140808105
local_global,0.0013000000000000002,200,32,0.999,32,2,2,128,512,0.33984375,21.767382860183716
local_global,0.0013000000000000002,300,32,0.9,32,2,2,128,512,0.33203125,22.750936031341553
local_global,0.0007,600,32,0.999,32,2,2,128,512,0.328125,18.76477074623108
local_global,0.0013000000000000002,200,32,0.95,32,2,2,128,512,0.328125,23.072381019592285
local_global,0.001,600,32,0.98,32,2,2,128,512,0.32421875,22.072382926940918
local_global,0.0013000000000000002,150,32,0.95,32,2,2,128,512,0.32421875,21.692414045333862
local_global,0.0013000000000000002,150,32,0.98,32,2,2,128,512,0.32421875,21.96781325340271
local_global,0.0013000000000000002,300,32,0.98,32,2,2,128,512,0.32421875,21.625585794448853
local_global,0.0007,200,32,0.999,32,2,2,128,512,0.32421875,24.692838191986084
local_global,0.0013000000000000002,200,32,0.9,32,2,2,128,512,0.32421875,22.798393726348877
local_global,0.001,300,32,0.9,32,2,2,128,512,0.3203125,21.559205055236816
local_global,0.001,300,32,0.98,32,2,2,128,512,0.3203125,22.87503719329834
local_global,0.001,600,32,0.9,32,2,2,128,512,0.3203125,22.172412872314453
local_global,0.0013000000000000002,300,32,0.95,32,2,2,128,512,0.3203125,22.346054315567017
local_global,0.0013000000000000002,50,32,0.98,32,2,2,128,512,0.3203125,22.451417922973633
local_global,0.0013000000000000002,50,32,0.999,32,2,2,128,512,0.3203125,22.33317804336548
local_global,0.0007,150,32,0.95,32,2,2,128,512,0.31640625,19.46151089668274
local_global,0.0007,150,32,0.999,32,2,2,128,512,0.31640625,19.424828052520752
local_global,0.0007,600,32,0.98,32,2,2,128,512,0.31640625,18.892395973205566
local_global,0.001,150,32,0.95,32,2,2,128,512,0.31640625,18.734965085983276
local_global,0.001,300,32,0.95,32,2,2,128,512,0.31640625,19.46342897415161
local_global,0.0013000000000000002,150,32,0.9,32,2,2,128,512,0.31640625,21.72690486907959
local_global,0.0013000000000000002,600,32,0.9,32,2,2,128,512,0.31640625,22.664940118789673
local_global,0.0007,50,32,0.999,32,2,2,128,512,0.31640625,24.379579305648804
local_global,0.0007,100,32,0.999,32,2,2,128,512,0.31640625,24.176708221435547
local_global,0.001,50,32,0.95,32,2,2,128,512,0.31640625,22.022264003753662
local_global,0.001,50,32,0.98,32,2,2,128,512,0.31640625,22.194295167922974
local_global,0.0013000000000000002,50,32,0.9,32,2,2,128,512,0.31640625,23.31700897216797
local_global,0.0013000000000000002,50,32,0.95,32,2,2,128,512,0.31640625,22.52156901359558
local_global,0.0013000000000000002,100,32,0.98,32,2,2,128,512,0.31640625,22.891995191574097
local_global,0.0007,300,32,0.98,32,2,2,128,512,0.3125,20.133552312850952
local_global,0.0007,300,32,0.999,32,2,2,128,512,0.3125,20.84213137626648
local_global,0.001,150,32,0.9,32,2,2,128,512,0.3125,18.922078132629395
local_global,0.001,150,32,0.98,32,2,2,128,512,0.3125,18.842815160751343
local_global,0.001,600,32,0.95,32,2,2,128,512,0.3125,22.000614881515503
local_global,0.0007,200,32,0.95,32,2,2,128,512,0.3125,23.915053129196167
local_global,0.001,50,32,0.9,32,2,2,128,512,0.3125,22.98422384262085
local_global,0.001,50,32,0.999,32,2,2,128,512,0.3125,22.004359245300293
local_global,0.001,100,32,0.9,32,2,2,128,512,0.3125,22.248417139053345
local_global,0.001,100,32,0.95,32,2,2,128,512,0.3125,22.85979914665222
local_global,0.001,100,32,0.999,32,2,2,128,512,0.3125,21.934494018554688
local_global,0.001,200,32,0.95,32,2,2,128,512,0.3125,23.42031693458557
local_global,0.001,200,32,0.98,32,2,2,128,512,0.3125,22.960871934890747
local_global,0.0013000000000000002,100,32,0.9,32,2,2,128,512,0.3125,23.049156188964844
local_global,0.0013000000000000002,100,32,0.95,32,2,2,128,512,0.3125,22.56432795524597
local_global,0.0007,150,32,0.9,32,2,2,128,512,0.30859375,20.43049907684326
local_global,0.0007,600,32,0.9,32,2,2,128,512,0.30859375,20.6390061378479
local_global,0.0013000000000000002,600,32,0.95,32,2,2,128,512,0.30859375,22.18586492538452
local_global,0.0007,50,32,0.9,32,2,2,128,512,0.30859375,24.13901686668396
local_global,0.0007,50,32,0.95,32,2,2,128,512,0.30859375,22.507026195526123
local_global,0.0007,50,32,0.98,32,2,2,128,512,0.30859375,21.908525943756104
local_global,0.0007,100,32,0.9,32,2,2,128,512,0.30859375,25.471709966659546
local_global,0.0007,100,32,0.98,32,2,2,128,512,0.30859375,22.113692045211792
local_global,0.0007,200,32,0.98,32,2,2,128,512,0.30859375,23.85638928413391
local_global,0.001,100,32,0.98,32,2,2,128,512,0.30859375,22.126681804656982
local_global,0.001,200,32,0.9,32,2,2,128,512,0.30859375,22.107667922973633
local_global,0.0007,150,32,0.98,32,2,2,128,512,0.3046875,18.972182035446167
local_global,0.0007,300,32,0.9,32,2,2,128,512,0.3046875,20.32705783843994
local_global,0.0007,300,32,0.95,32,2,2,128,512,0.3046875,21.634124040603638
local_global,0.0007,600,32,0.95,32,2,2,128,512,0.3046875,20.84727191925049
local_global,0.0007,100,32,0.95,32,2,2,128,512,0.3046875,24.617350101470947
local_global,0.0007,200,32,0.9,32,2,2,128,512,0.3046875,22.964754819869995
moe,0.001,300,64,0.98,32,2,2,128,512,0.30078125,42.33839297294617
moe,0.0007,300,64,0.95,32,2,2,128,512,0.296875,42.067811012268066
moe,0.001,300,64,0.95,32,2,2,128,512,0.296875,42.53611707687378
moe,0.001,600,64,0.98,32,2,2,128,512,0.296875,40.857203006744385
moe,0.00035,100,64,0.999,32,2,2,128,512,0.296875,43.19346213340759
moe,0.0005,100,64,0.9,32,2,2,128,512,0.296875,45.62981820106506
moe,0.0005,100,64,0.95,32,2,2,128,512,0.296875,48.0658061504364
moe,0.0005,200,64,0.98,32,2,2,128,512,0.296875,44.53955078125
moe,0.0006500000000000001,50,64,0.9,32,2,2,128,512,0.296875,44.16721701622009
moe,0.0006500000000000001,200,64,0.95,32,2,2,128,512,0.296875,43.35652184486389
moe,0.0007,150,64,0.98,32,2,2,128,512,0.29296875,43.14025402069092
moe,0.0007,300,64,0.98,32,2,2,128,512,0.29296875,41.20450305938721
moe,0.0007,300,64,0.999,32,2,2,128,512,0.29296875,41.53593707084656
moe,0.0007,600,64,0.9,32,2,2,128,512,0.29296875,43.52850008010864
moe,0.0007,600,64,0.95,32,2,2,128,512,0.29296875,43.58649396896362
moe,0.001,150,64,0.9,32,2,2,128,512,0.29296875,37.53849005699158
moe,0.001,150,64,0.999,32,2,2,128,512,0.29296875,42.515161752700806
moe,0.0013000000000000002,150,64,0.999,32,2,2,128,512,0.29296875,41.87923288345337
moe,0.0013000000000000002,300,64,0.95,32,2,2,128,512,0.29296875,48.371922969818115
moe,0.0013000000000000002,300,64,0.999,32,2,2,128,512,0.29296875,47.94509720802307
moe,0.0013000000000000002,600,64,0.999,32,2,2,128,512,0.29296875,42.76596283912659
moe,0.00035,50,64,0.95,32,2,2,128,512,0.29296875,43.96975326538086
moe,0.00035,50,64,0.999,32,2,2,128,512,0.29296875,43.78557896614075
moe,0.00035,200,64,0.999,32,2,2,128,512,0.29296875,42.73162388801575
moe,0.0005,50,64,0.98,32,2,2,128,512,0.29296875,44.94052720069885
moe,0.0005,50,64,0.999,32,2,2,128,512,0.29296875,44.90026593208313
moe,0.0005,100,64,0.98,32,2,2,128,512,0.29296875,46.69410681724548
moe,0.0005,100,64,0.999,32,2,2,128,512,0.29296875,48.005411863327026
moe,0.0005,200,64,0.9,32,2,2,128,512,0.29296875,46.24689602851868
moe,0.0005,200,64,0.95,32,2,2,128,512,0.29296875,45.555909156799316
moe,0.0005,200,64,0.999,32,2,2,128,512,0.29296875,44.37834191322327
moe,0.0006500000000000001,100,64,0.999,32,2,2,128,512,0.29296875,43.997491121292114
moe,0.0007,150,64,0.9,32,2,2,128,512,0.2890625,41.600499868392944
moe,0.0007,150,64,0.999,32,2,2,128,512,0.2890625,43.30816626548767
moe,0.0007,600,64,0.999,32,2,2,128,512,0.2890625,38.137595891952515
moe,0.001,150,64,0.95,32,2,2,128,512,0.2890625,42.348912954330444
moe,0.001,150,64,0.98,32,2,2,128,512,0.2890625,43.45213484764099
moe,0.001,600,64,0.9,32,2,2,128,512,0.2890625,46.35833287239075
moe,0.0013000000000000002,300,64,0.98,32,2,2,128,512,0.2890625,44.20152807235718
moe,0.0013000000000000002,600,64,0.9,32,2,2,128,512,0.2890625,44.57042622566223
moe,0.0013000000000000002,600,64,0.95,32,2,2,128,512,0.2890625,43.502907276153564
moe,0.00035,100,64,0.98,32,2,2,128,512,0.2890625,42.843759298324585
moe,0.00035,200,64,0.98,32,2,2,128,512,0.2890625,43.15801692008972
moe,0.0006500000000000001,50,64,0.98,32,2,2,128,512,0.2890625,43.380099058151245
moe,0.0006500000000000001,50,64,0.999,32,2,2,128,512,0.2890625,46.222049713134766
moe,0.0006500000000000001,100,64,0.9,32,2,2,128,512,0.2890625,46.07591509819031
moe,0.0006500000000000001,100,64,0.98,32,2,2,128,512,0.2890625,43.82003211975098
moe,0.0006500000000000001,200,64,0.9,32,2,2,128,512,0.2890625,43.21823787689209
moe,0.0007,150,64,0.95,32,2,2,128,512,0.28515625,41.57399606704712
moe,0.0007,300,64,0.9,32,2,2,128,512,0.28515625,42.119279861450195
moe,0.0007,600,64,0.98,32,2,2,128,512,0.28515625,43.60015535354614
moe,0.001,600,64,0.95,32,2,2,128,512,0.28515625,44.560730934143066
moe,0.001,600,64,0.999,32,2,2,128,512,0.28515625,42.07210087776184
moe,0.0013000000000000002,150,64,0.9,32,2,2,128,512,0.28515625,41.13721418380737
moe,0.0013000000000000002,300,64,0.9,32,2,2,128,512,0.28515625,42.269978046417236
moe,0.0005,50,64,0.9,32,2,2,128,512,0.28515625,44.769904136657715
moe,0.0006500000000000001,50,64,0.95,32,2,2,128,512,0.28515625,44.61252808570862
moe,0.001,300,64,0.999,32,2,2,128,512,0.28125,41.83971285820007
moe,0.0013000000000000002,150,64,0.95,32,2,2,128,512,0.28125,41.90357828140259
moe,0.0013000000000000002,600,64,0.98,32,2,2,128,512,0.28125,44.79706788063049
moe,0.0005,50,64,0.95,32,2,2,128,512,0.28125,46.10442590713501
moe,0.0006500000000000001,100,64,0.95,32,2,2,128,512,0.28125,43.677722215652466
moe,0.0006500000000000001,200,64,0.98,32,2,2,128,512,0.28125,45.79995894432068
moe,0.0006500000000000001,200,64,0.999,32,2,2,128,512,0.28125,45.34560203552246
moe,0.001,300,64,0.9,32,2,2,128,512,0.27734375,42.982182025909424
moe,0.0013000000000000002,150,64,0.98,32,2,2,128,512,0.27734375,44.28643083572388
moe,0.00035,50,64,0.9,32,2,2,128,512,0.27734375,42.64672803878784
moe,0.00035,50,64,0.98,32,2,2,128,512,0.2734375,43.55039596557617
moe,0.00035,100,64,0.9,32,2,2,128,512,0.2734375,44.69823408126831
moe,0.00035,100,64,0.95,32,2,2,128,512,0.2734375,43.26678705215454
moe,0.00035,200,64,0.9,32,2,2,128,512,0.2734375,43.0059027671814
moe,0.00035,200,64,0.95,32,2,2,128,512,0.2734375,42.463793992996216
mq_rope,0.0013000000000000002,150,64,0.999,32,2,2,128,512,0.40625,40.40640211105347
mq_rope,0.0013000000000000002,300,64,0.999,32,2,2,128,512,0.40234375,38.796555042266846
mq_rope,0.0013000000000000002,500,64,0.999,32,2,2,128,512,0.40234375,41.34377384185791
mq_rope,0.0013000000000000002,600,64,0.999,32,2,2,128,512,0.39453125,37.989853858947754
mq_rope,0.001,500,64,0.999,32,2,2,128,512,0.39453125,40.898723125457764
mq_rope,0.0013000000000000002,500,64,0.98,32,2,2,128,512,0.390625,41.68453788757324
mq_rope,0.0013000000000000002,600,64,0.98,32,2,2,128,512,0.38671875,38.404650926589966
mq_rope,0.0007,150,64,0.9,32,2,2,128,512,0.3828125,49.92984390258789
mq_rope,0.001,150,64,0.98,32,2,2,128,512,0.3828125,50.53608298301697
mq_rope,0.001,300,64,0.999,32,2,2,128,512,0.3828125,41.553372859954834
mq_rope,0.0007,300,64,0.98,32,2,2,128,512,0.37890625,50.59638595581055
mq_rope,0.0007,600,64,0.999,32,2,2,128,512,0.37890625,51.040870904922485
mq_rope,0.001,300,64,0.95,32,2,2,128,512,0.37890625,42.1448860168457
mq_rope,0.0013000000000000002,600,64,0.95,32,2,2,128,512,0.37890625,38.075024127960205
mq_rope,0.001,500,64,0.9,32,2,2,128,512,0.37890625,40.93325591087341
mq_rope,0.0013000000000000002,500,64,0.95,32,2,2,128,512,0.37890625,41.75039792060852
mq_rope,0.0007,300,64,0.9,32,2,2,128,512,0.375,48.154703855514526
mq_rope,0.0013000000000000002,150,64,0.95,32,2,2,128,512,0.375,40.91261911392212
mq_rope,0.0013000000000000002,300,64,0.98,32,2,2,128,512,0.375,38.09783911705017
mq_rope,0.001,500,64,0.95,32,2,2,128,512,0.375,41.87809371948242
mq_rope,0.001,1000,64,0.95,32,2,2,128,512,0.375,40.489561796188354
mq_rope,0.001,1000,64,0.999,32,2,2,128,512,0.375,40.69378209114075
mq_rope,0.0013000000000000002,1000,64,0.95,32,2,2,128,512,0.375,42.12057709693909
mq_rope,0.001,150,64,0.95,32,2,2,128,512,0.37109375,53.05856990814209
mq_rope,0.001,600,64,0.98,32,2,2,128,512,0.37109375,40.56279897689819
mq_rope,0.001,600,64,0.999,32,2,2,128,512,0.37109375,39.25265598297119
mq_rope,0.0013000000000000002,150,64,0.98,32,2,2,128,512,0.37109375,40.22338604927063
mq_rope,0.0013000000000000002,600,64,0.9,32,2,2,128,512,0.37109375,38.34516096115112
mq_rope,0.0007,1000,64,0.999,32,2,2,128,512,0.37109375,40.45226693153381
mq_rope,0.001,1000,64,0.9,32,2,2,128,512,0.37109375,41.002301931381226
mq_rope,0.0013000000000000002,500,64,0.9,32,2,2,128,512,0.37109375,40.92090129852295
mq_rope,0.0013000000000000002,2000,64,0.95,32,2,2,128,512,0.37109375,40.97791910171509
mq_rope,0.0007,150,64,0.999,32,2,2,128,512,0.3671875,48.57699489593506
mq_rope,0.0007,300,64,0.95,32,2,2,128,512,0.3671875,47.393698930740356
mq_rope,0.001,150,64,0.9,32,2,2,128,512,0.3671875,47.57843494415283
mq_rope,0.001,300,64,0.9,32,2,2,128,512,0.3671875,42.8300039768219
mq_rope,0.001,600,64,0.95,32,2,2,128,512,0.3671875,42.074830770492554
mq_rope,0.0013000000000000002,150,64,0.9,32,2,2,128,512,0.3671875,41.16876482963562
mq_rope,0.0013000000000000002,300,64,0.95,32,2,2,128,512,0.3671875,38.373159885406494
mq_rope,0.0007,500,64,0.95,32,2,2,128,512,0.3671875,38.064882040023804
mq_rope,0.001,1000,64,0.98,32,2,2,128,512,0.3671875,40.892070055007935
mq_rope,0.0007,300,64,0.999,32,2,2,128,512,0.36328125,48.54112410545349
mq_rope,0.001,150,64,0.999,32,2,2,128,512,0.36328125,45.42292904853821
mq_rope,0.001,300,64,0.98,32,2,2,128,512,0.36328125,42.20725703239441
mq_rope,0.0007,2000,64,0.98,32,2,2,128,512,0.36328125,40.41994094848633
mq_rope,0.001,500,64,0.98,32,2,2,128,512,0.36328125,40.91736698150635
mq_rope,0.0013000000000000002,1000,64,0.98,32,2,2,128,512,0.36328125,41.680994272232056
mq_rope,0.0013000000000000002,2000,64,0.9,32,2,2,128,512,0.36328125,41.51121807098389
mq_rope,0.0013000000000000002,2000,64,0.98,32,2,2,128,512,0.36328125,40.751424074172974
mq_rope,0.0007,150,64,0.98,32,2,2,128,512,0.359375,47.65642809867859
mq_rope,0.0007,600,64,0.98,32,2,2,128,512,0.359375,45.42026615142822
mq_rope,0.001,600,64,0.9,32,2,2,128,512,0.359375,41.50911283493042
mq_rope,0.0013000000000000002,300,64,0.9,32,2,2,128,512,0.359375,40.115180015563965
mq_rope,0.0007,1000,64,0.98,32,2,2,128,512,0.359375,43.67179989814758
mq_rope,0.0013000000000000002,1000,64,0.9,32,2,2,128,512,0.359375,41.182016134262085
mq_rope,0.0007,600,64,0.9,32,2,2,128,512,0.35546875,46.237661838531494
mq_rope,0.0007,600,64,0.95,32,2,2,128,512,0.35546875,46.39095401763916
mq_rope,0.0007,1000,64,0.95,32,2,2,128,512,0.35546875,40.900097131729126
mq_rope,0.001,2000,64,0.999,32,2,2,128,512,0.35546875,40.74556875228882
mq_rope,0.0013000000000000002,2000,64,0.999,32,2,2,128,512,0.35546875,41.001251220703125
mq_rope,0.0007,150,64,0.95,32,2,2,128,512,0.3515625,47.348284006118774
mq_rope,0.0007,500,64,0.9,32,2,2,128,512,0.3515625,39.20830583572388
mq_rope,0.0007,500,64,0.98,32,2,2,128,512,0.3515625,37.5748770236969
mq_rope,0.0007,2000,64,0.999,32,2,2,128,512,0.3515625,40.9175341129303
mq_rope,0.001,2000,64,0.98,32,2,2,128,512,0.3515625,41.60688304901123
mq_rope,0.0013000000000000002,1000,64,0.999,32,2,2,128,512,0.3515625,41.171621799468994
mq_rope,0.0007,500,64,0.999,32,2,2,128,512,0.34765625,39.094406843185425
mq_rope,0.0007,1000,64,0.9,32,2,2,128,512,0.34765625,44.408429861068726
mq_rope,0.001,2000,64,0.95,32,2,2,128,512,0.34375,40.79160284996033
mq_rope,0.0007,2000,64,0.95,32,2,2,128,512,0.33984375,40.945199966430664
mq_rope,0.0007,2000,64,0.9,32,2,2,128,512,0.3359375,40.21392893791199
mq_rope,0.001,2000,64,0.9,32,2,2,128,512,0.328125,41.11879086494446
tinygpt,0.0013000000000000002,100,32,0.98,32,2,2,128,512,0.4140625,18.991307973861694
tinygpt,0.0013000000000000002,100,32,0.999,32,2,2,128,512,0.4140625,19.11640501022339
tinygpt,0.0013000000000000002,150,32,0.98,32,2,2,128,512,0.41015625,16.78609800338745
tinygpt,0.0013000000000000002,150,32,0.999,32,2,2,128,512,0.41015625,17.245346784591675
tinygpt,0.0013000000000000002,200,32,0.999,32,2,2,128,512,0.40625,21.12918710708618
tinygpt,0.0013000000000000002,300,32,0.999,32,2,2,128,512,0.3984375,17.183115005493164
tinygpt,0.0013000000000000002,100,32,0.9,32,2,2,128,512,0.3984375,22.237138032913208
tinygpt,0.0013000000000000002,100,32,0.95,32,2,2,128,512,0.3984375,19.02790093421936
tinygpt,0.0013000000000000002,150,32,0.9,32,2,2,128,512,0.39453125,17.155734062194824
tinygpt,0.0013000000000000002,150,32,0.95,32,2,2,128,512,0.39453125,16.95777988433838
tinygpt,0.0013000000000000002,300,32,0.9,32,2,2,128,512,0.390625,17.023766040802002
tinygpt,0.0013000000000000002,50,32,0.999,32,2,2,128,512,0.390625,20.943389892578125
tinygpt,0.0013000000000000002,200,32,0.95,32,2,2,128,512,0.390625,17.85421919822693
tinygpt,0.0013000000000000002,200,32,0.98,32,2,2,128,512,0.390625,22.158036947250366
tinygpt,0.0013000000000000002,300,32,0.98,32,2,2,128,512,0.38671875,16.922237157821655
tinygpt,0.001,300,32,0.999,32,2,2,128,512,0.3828125,16.494782209396362
tinygpt,0.0013000000000000002,200,32,0.9,32,2,2,128,512,0.3828125,19.89297103881836
tinygpt,0.0013000000000000002,300,32,0.95,32,2,2,128,512,0.37890625,17.222030878067017
tinygpt,0.001,150,32,0.999,32,2,2,128,512,0.375,16.660356044769287
tinygpt,0.001,50,32,0.999,32,2,2,128,512,0.375,18.299453020095825
tinygpt,0.001,200,32,0.999,32,2,2,128,512,0.375,19.192834854125977
tinygpt,0.0007,300,32,0.999,32,2,2,128,512,0.37109375,16.542766094207764
tinygpt,0.0013000000000000002,600,32,0.9,32,2,2,128,512,0.37109375,17.09809899330139
tinygpt,0.0013000000000000002,600,32,0.98,32,2,2,128,512,0.37109375,19.381420850753784
tinygpt,0.001,100,32,0.98,32,2,2,128,512,0.37109375,17.800627946853638
tinygpt,0.001,100,32,0.999,32,2,2,128,512,0.37109375,19.21156597137451
tinygpt,0.001,150,32,0.98,32,2,2,128,512,0.3671875,16.44510006904602
tinygpt,0.001,300,32,0.98,32,2,2,128,512,0.3671875,16.596903800964355
tinygpt,0.001,600,32,0.999,32,2,2,128,512,0.3671875,17.16809391975403
tinygpt,0.0013000000000000002,600,32,0.999,32,2,2,128,512,0.3671875,20.500658988952637
tinygpt,0.0007,150,32,0.98,32,2,2,128,512,0.36328125,17.02708601951599
tinygpt,0.001,300,32,0.9,32,2,2,128,512,0.36328125,17.179134845733643
tinygpt,0.001,300,32,0.95,32,2,2,128,512,0.36328125,16.59993600845337
tinygpt,0.0013000000000000002,600,32,0.95,32,2,2,128,512,0.36328125,16.852416038513184
tinygpt,0.0007,200,32,0.98,32,2,2,128,512,0.36328125,19.8784339427948
tinygpt,0.0007,200,32,0.999,32,2,2,128,512,0.36328125,19.569859981536865
tinygpt,0.001,50,32,0.9,32,2,2,128,512,0.36328125,19.622437000274658
tinygpt,0.001,50,32,0.98,32,2,2,128,512,0.36328125,19.25568413734436
tinygpt,0.001,100,32,0.9,32,2,2,128,512,0.36328125,17.82029700279236
tinygpt,0.0013000000000000002,50,32,0.95,32,2,2,128,512,0.36328125,18.67563486099243
tinygpt,0.0007,150,32,0.999,32,2,2,128,512,0.359375,16.674158096313477
tinygpt,0.0007,600,32,0.999,32,2,2,128,512,0.359375,16.753530025482178
tinygpt,0.001,150,32,0.9,32,2,2,128,512,0.359375,16.669923067092896
tinygpt,0.001,150,32,0.95,32,2,2,128,512,0.359375,16.502041816711426
tinygpt,0.001,100,32,0.95,32,2,2,128,512,0.359375,18.11815881729126
tinygpt,0.001,200,32,0.9,32,2,2,128,512,0.359375,19.100626945495605
tinygpt,0.001,200,32,0.98,32,2,2,128,512,0.359375,18.04670000076294
tinygpt,0.0013000000000000002,50,32,0.9,32,2,2,128,512,0.359375,19.005331993103027
tinygpt,0.0007,300,32,0.98,32,2,2,128,512,0.35546875,16.79575276374817
tinygpt,0.001,600,32,0.9,32,2,2,128,512,0.35546875,16.905261993408203
tinygpt,0.001,600,32,0.95,32,2,2,128,512,0.35546875,16.73941707611084
tinygpt,0.001,600,32,0.98,32,2,2,128,512,0.35546875,16.945247173309326
tinygpt,0.0007,50,32,0.95,32,2,2,128,512,0.35546875,19.565505743026733
tinygpt,0.001,50,32,0.95,32,2,2,128,512,0.35546875,19.829596996307373
tinygpt,0.0013000000000000002,50,32,0.98,32,2,2,128,512,0.35546875,20.23621416091919
tinygpt,0.0007,50,32,0.9,32,2,2,128,512,0.3515625,20.662041902542114
tinygpt,0.0007,100,32,0.95,32,2,2,128,512,0.3515625,19.923446893692017
tinygpt,0.0007,100,32,0.999,32,2,2,128,512,0.3515625,19.60244584083557
tinygpt,0.0007,150,32,0.95,32,2,2,128,512,0.34765625,16.94567084312439
tinygpt,0.001,200,32,0.95,32,2,2,128,512,0.34765625,18.103854179382324
tinygpt,0.0007,300,32,0.9,32,2,2,128,512,0.34375,16.49430823326111
tinygpt,0.0007,300,32,0.95,32,2,2,128,512,0.34375,16.486475944519043
tinygpt,0.0007,100,32,0.9,32,2,2,128,512,0.34375,19.030117988586426
tinygpt,0.0007,100,32,0.98,32,2,2,128,512,0.34375,19.471004009246826
tinygpt,0.0007,200,32,0.9,32,2,2,128,512,0.34375,18.983203172683716
tinygpt,0.0007,200,32,0.95,32,2,2,128,512,0.34375,19.32965111732483
tinygpt,0.0007,150,32,0.9,32,2,2,128,512,0.33984375,17.25145196914673
tinygpt,0.0007,600,32,0.98,32,2,2,128,512,0.33984375,16.73367404937744
tinygpt,0.0007,50,32,0.98,32,2,2,128,512,0.33984375,21.54324984550476
tinygpt,0.0007,50,32,0.999,32,2,2,128,512,0.33984375,19.338813066482544
tinygpt,0.0007,600,32,0.9,32,2,2,128,512,0.33203125,16.719475030899048
tinygpt,0.0007,600,32,0.95,32,2,2,128,512,0.33203125,16.656313180923462
